Boltzmann Weighted,bw std,Lowest Energy,le std,Lowest Energy CCS,lec std,Simple Ave,sa std,nlst
163.83654714829237,1.3662963150597365,-1297.344847565974,0.002430978269771983,163.85899129999999,1.8044861448053047,164.340008152,0.3095230298576186,50
164.35773132522624,1.3248880547057817,-1297.3463573581805,0.0021915891822379767,164.4921077,1.7565420931622198,164.32997787,0.22681682862998293,100
164.32320061233756,1.2588387242871888,-1297.347083464744,0.0021116761312203135,164.4416898,1.7051767024845144,164.34620000133336,0.17484884320525526,150
164.32657964650366,1.193229563382516,-1297.3475154865914,0.001914185830263109,164.4609737,1.6003194318067602,164.337790209,0.15435294723403595,200
164.19873476559314,1.1485388207739378,-1297.348041969427,0.0017871072117265432,164.30686310000002,1.5526796888696621,164.34828710040003,0.1374531917623456,250
164.15873015371506,1.1360381500210373,-1297.3481864838668,0.0017166551620418737,164.241974,1.5707202368862505,164.33622841166667,0.126678529829688,300
164.0912105653854,1.0958086121529547,-1297.348404914591,0.0016624375282780141,164.1479965,1.5316236449329677,164.340585922,0.12028892709339463,350
164.01675455858157,1.0841800590079314,-1297.348637841247,0.0015469112022601377,164.0797143,1.5297915059397835,164.33420270075,0.10949848731748779,400
163.97636008566747,1.0965933550672555,-1297.3486984428278,0.001530745136141299,163.97965960000002,1.5653455571751047,164.33999090222224,0.10397087640034038,450
163.92138478777466,1.022975773356923,-1297.3488284938808,0.0014927883522048958,163.8774559,1.4932865845728303,164.33188115660002,0.09708280161564437,500
163.88438168291543,1.0040516444386036,-1297.3489519851112,0.001439539038814365,163.81286120000001,1.461139735115899,164.34098657563638,0.09558563676318606,550
163.794599863312,0.9701247056189063,-1297.3490177376507,0.0014234813111279384,163.6871769,1.444892446549704,164.33790592466664,0.0897557578736554,600
163.77340806262353,0.9432570206846121,-1297.3491145252162,0.0013432728411309496,163.5980267,1.376515825712552,164.33540911615384,0.08424117479724842,650
163.77622991574944,0.9012483738133736,-1297.3491904668426,0.0012826938144049895,163.6234977,1.32058182094284,164.3414212497143,0.08034082813073648,700
163.6933297190917,0.8735425714309993,-1297.349312170282,0.001199696263675066,163.46701919999998,1.3192250429215473,164.33843654999998,0.07689632074986977,750
163.6662680671244,0.8615914751221748,-1297.3493623657018,0.0011668344761654426,163.41231770000002,1.2651308944677258,164.336214571875,0.07314032688209396,800
163.62586971073017,0.8140490311058897,-1297.349427788934,0.0011096714178507397,163.3924572,1.2398792824981626,164.33767103741178,0.07320657308216663,850
163.6205934776602,0.7884140857267868,-1297.3494606975014,0.0010585697759260468,163.32475319999998,1.1472902773883151,164.3352022131111,0.07110707944680776,900
163.5806045611437,0.7583856155356712,-1297.3495313158533,0.0009918968050596974,163.25725740000001,1.1537720845059645,164.34057883399998,0.07131108075621535,950
163.60015279113665,0.7567033616531756,-1297.3495274514084,0.0009864753813377167,163.2390458,1.137101619391318,164.34085431699998,0.06823373228650645,1000
163.57002491560817,0.7543246586757888,-1297.3495628992312,0.0009496200732284197,163.2236666,1.1572864262076341,164.33911635990475,0.06611476333816753,1050
163.51176403643308,0.6739311945599892,-1297.3496504823004,0.0008316710569040888,163.14598690000003,1.0409926024609337,164.33953703081818,0.06383051548260317,1100
163.55478185962525,0.6661857209513237,-1297.3496533021007,0.0008182397701613899,163.1992219,0.9984280379929181,164.3404745895652,0.06392466135641789,1150
163.52601378032537,0.6362198684967333,-1297.3496664416796,0.0007960479525013983,163.1643942,1.002550110022615,164.3392855984167,0.06135272989214961,1200
163.5090495938062,0.6339048689361567,-1297.349692468789,0.0007682662916389495,163.1543565,0.9991758126564855,164.33657610712004,0.059353579108640725,1250
163.4745742595832,0.5699247411510708,-1297.349753048726,0.000646631012575272,163.07966380000002,0.8943266041047633,164.3377077013846,0.05949103973516805,1300
163.44835782158734,0.5732488878488232,-1297.3497683455505,0.0006165033699289449,163.0831338,0.93233099801388,164.33957962614812,0.060034054361344534,1350
163.4715655834964,0.5481189224434564,-1297.3497820916075,0.0005956813988008969,163.08176820000003,0.888197800171087,164.33996906228572,0.05860535593108971,1400
163.46111146645364,0.5278482453257455,-1297.3498130864957,0.0005081903210484085,163.0784748,0.8712406962286354,164.34194559917245,0.05641443219225735,1450
163.44926691540533,0.5276440617021593,-1297.3498020482054,0.0005437377141181415,163.0257863,0.8639991198272766,164.33984083733333,0.05387252580238401,1500
163.43661159379485,0.5017638094962263,-1297.349815941184,0.0005188020015196987,163.04223119999997,0.8607009429450853,164.33841693638706,0.052968974721292326,1550
163.4630052712822,0.5155737462194645,-1297.3497990418043,0.000556598255136905,163.0575024,0.866322651610956,164.3415069654375,0.05356410366683435,1600
163.43769319713786,0.4802715865911828,-1297.3498323716558,0.0004673238755172427,163.0903405,0.8481058830533772,164.33828573030303,0.05213039901473589,1650
163.43896104537825,0.4680528108487471,-1297.3498385607968,0.0004404582079560152,162.9970309,0.7965660303045746,164.3408136129412,0.052530605205061504,1700
163.4164543709929,0.4702405917367199,-1297.3498572624123,0.00037965113339646835,163.0201536,0.8210850484249718,164.33970710280002,0.048376930714834086,1750
163.44319852600842,0.4592514865380519,-1297.3498508570394,0.00041115131480023184,163.052115,0.8191344343726481,164.34109444583336,0.04933533647322134,1800
163.40422567191786,0.41200945229991787,-1297.3498788331212,0.0002885422208304246,162.9403509,0.7752242266719924,164.33822576140543,0.05055684411506003,1850
163.40628651393558,0.41386863531953955,-1297.3498706809414,0.0003273654173802129,162.9848548,0.7903616204478545,164.34043078636844,0.04999052495167121,1900
163.40643644628022,0.41447284499930154,-1297.3498739690165,0.0003110787300053914,162.9884983,0.808915095153446,164.33752778984615,0.048214336904505294,1950
163.3989853997452,0.4075969858426584,-1297.3498786660512,0.0002814345567299589,162.97425479999998,0.7758186824877049,164.33566549995,0.046151601738355336,2000
163.4149520239761,0.4060654526541398,-1297.349882805795,0.00028618269032614933,163.0114951,0.7878367718036449,164.33770838185367,0.048173665328645594,2050
163.38490101589565,0.3707153199716327,-1297.3498850125143,0.0002883327068200289,162.99561430000003,0.800884091280073,164.33851449085714,0.046682250224031746,2100
163.40025629294342,0.3748700194985099,-1297.3498898595008,0.00025554462471439845,163.0082875,0.7589485147187189,164.33937474465114,0.04525353955486338,2150
163.40240370707846,0.3704821277284502,-1297.349891581405,0.0002496693738169724,163.0126216,0.7990429904037949,164.3418047614091,0.043661049289161286,2200
163.4079449021676,0.3889821632237636,-1297.3498815894882,0.00029890979602397523,162.99217430000002,0.7990274473943365,164.33886095622222,0.04431868204662257,2250
163.38539378719278,0.37276574705504334,-1297.349886717143,0.00027510532502981176,162.99214,0.7922285600633187,164.34129372269567,0.04239414867629781,2300
163.38746326596063,0.34356114369936464,-1297.3498999937908,0.0001949872598634914,162.99472340000003,0.7596025421445344,164.3395041571915,0.04524932670779024,2350
163.37521692324808,0.34839922603639156,-1297.3499099969902,7.876149580887161e-05,163.0111676,0.774775628895385,164.33712311841663,0.04330848366452061,2400
163.38975196763968,0.3654820070064402,-1297.3498897805152,0.00024654717575191086,162.979403,0.7915793263665991,164.33653197167348,0.04232774942460424,2450
163.37832900787106,0.32073656109232823,-1297.349913437155,2.016853766393421e-06,162.97394079999998,0.7619807577067539,164.33845835456003,0.04122721181171333,2500
163.3615601302356,0.32346420022482675,-1297.3499033551348,0.00016578520069130567,162.9539165,0.7918803024180793,164.3392572949804,0.04053934176066282,2550
163.3963685675688,0.3477940675919712,-1297.3498978424202,0.0001793929241269217,162.9850483,0.7827730295028752,164.33825580984612,0.04047420054823851,2600
163.39883073402314,0.3300721663677555,-1297.349903477747,0.00016578039685548736,162.9926724,0.7732538881882457,164.3392768056604,0.039202554301237744,2650
163.37594438228203,0.30752972531225414,-1297.3499100655347,7.90875051591958e-05,162.9531974,0.798325948728487,164.3397001828889,0.039545675417166644,2700
163.37170471509452,0.30623481867850416,-1297.3499101201924,7.87433388592243e-05,162.9629579,0.784951713850979,164.34088301501816,0.03803377922137175,2750
163.3782080713067,0.29486008762467236,-1297.3499136268986,1.9025653795896612e-06,163.03383929999998,0.7683444670234237,164.34065546610717,0.04115368412965065,2800
163.36132991886973,0.29593531355657193,-1297.3499086999684,0.00011726994734440803,162.96687640000002,0.7545476556606882,164.33963099554384,0.038796850795472126,2850
163.36069195294195,0.28634725200412,-1297.3499069684362,0.00012979191786835408,162.9694777,0.794123565972393,164.34064499903448,0.037814005750678954,2900
163.37548947871588,0.2811693755951121,-1297.3499136477928,1.8488551747260817e-06,162.9842734,0.7977374276993898,164.3422522932881,0.038288118500144686,2950
163.3769504753437,0.2798133727969554,-1297.349912036536,5.578274951142769e-05,163.01029680000002,0.7663833611905729,164.33850613056669,0.037306369010344766,3000
163.3663581489762,0.29019713151931353,-1297.3499073573491,0.00014590654298262065,163.0374115,0.81674916361007,164.3411214752787,0.03758642157798963,3050
163.37548782190558,0.28393153931963283,-1297.34990877111,0.00011744081555725312,163.0145896,0.7824302994208752,164.3398044640645,0.035370012160714386,3100
163.3753962567122,0.29507886975656344,-1297.3499070321718,0.00013025863196785195,163.01539209999999,0.7807279389951344,164.33943631987302,0.035103427568402686,3150
163.357735708924,0.25221816735291724,-1297.349913838946,1.7436631202258446e-06,163.0182735,0.7611875505601426,164.338881868625,0.03508149384496698,3200
163.36150250711182,0.2643546842398206,-1297.3499138427842,1.7669346353932523e-06,162.9841374,0.7584257132516274,164.33832670107694,0.03623635110869952,3250
163.3616720222868,0.27696322359656445,-1297.3499139229539,1.6163688490108129e-06,162.9848873,0.7541774343539527,164.3413257459697,0.034401129077142906,3300
163.38213650855522,0.27854285550692526,-1297.3499121103207,5.577636248394037e-05,163.01279499999998,0.789300955615157,164.34121463680597,0.034898726710410284,3350
163.36024593394006,0.2555493874127765,-1297.3499121380653,5.577324547546147e-05,163.0063786,0.7759780167131285,164.33948641932355,0.03467329878037726,3400
163.34579970478836,0.2633950822329896,-1297.3499106803447,0.00010324082848600569,163.0455575,0.7847678945928852,164.33826609347824,0.03383981002752276,3450
163.35699836529355,0.26359164112278854,-1297.3499122278654,5.6143271213893006e-05,162.97783299999998,0.7689735271197575,164.33955709628572,0.03326861071609223,3500
163.34174017198112,0.25092903802704486,-1297.3499140569425,1.438498346195191e-06,163.0134315,0.7932015342633612,164.33983534022536,0.03245098926475287,3550
163.3603439826134,0.2438080582177118,-1297.3499140930467,1.4711471443253732e-06,163.0580745,0.7951432062715187,164.33994821416667,0.034700142890441474,3600
163.34979059606377,0.2538716429361889,-1297.3499140811848,1.6350478690903955e-06,163.0177531,0.8030089845141153,164.33871004706847,0.03394352631457905,3650
163.36946033618756,0.2486722806814548,-1297.3499141768325,1.4491826774927296e-06,163.02911799999998,0.8106135250759144,164.33999147002703,0.03288445487573826,3700
163.34556016571534,0.23265355026914192,-1297.3499141434063,1.4885666385992594e-06,162.99557640000003,0.7969398635298908,164.33959071397334,0.03240404799046267,3750
163.34363103323105,0.23704413624513526,-1297.3499142538544,1.40614244424416e-06,163.0435759,0.798758062287443,164.33940093576314,0.03276413028796759,3800
163.35086427715234,0.23775207372701243,-1297.3499141850095,1.4495604966791755e-06,163.0012157,0.7737041462364742,164.34082577953248,0.033018081412822295,3850
163.35781497034876,0.24138432289675066,-1297.3499142041662,1.4382872306497949e-06,163.04392739999997,0.8192402915684994,164.34074690199998,0.031996434581036404,3900
163.35249991927242,0.22522463341707424,-1297.3499141626444,1.3463224227901695e-06,163.0770103,0.8008364932393564,164.33961002354428,0.032533347284737515,3950
163.35569385378164,0.23936026150395037,-1297.349914222043,1.4099560577702568e-06,163.0135904,0.8044488298256394,164.33774255294998,0.03064677362900126,4000
163.35053637207054,0.24226535139852795,-1297.3499142515618,1.394876234993486e-06,163.0097291,0.7902797402712479,164.3387408173827,0.03201975807527033,4050
163.35565786257357,0.2335288640918778,-1297.34991424953,1.399234785990399e-06,162.98840170000003,0.792111989056542,164.33987726165856,0.029793145720334122,4100
163.34131717549488,0.2184279360829712,-1297.3499143135843,1.346757562811447e-06,163.0364647,0.8148459993176081,164.33944345855423,0.030672574473880488,4150
163.3446808711777,0.22567334300201092,-1297.3499142778085,1.4095237257871884e-06,163.03492300000002,0.797457736028061,164.33872187035715,0.030267870465346482,4200
163.35201974990107,0.217833328926918,-1297.3499143378658,1.3738871863623694e-06,163.03298980000002,0.7988753904182813,164.33821322950587,0.031381290823893966,4250
163.34561059696057,0.22316774807331138,-1297.349914321782,1.33106136017236e-06,163.0644733,0.7947733666380066,164.33834597165117,0.03136321163883068,4300
163.36041298793512,0.2208157312108289,-1297.34991427487,1.3976149105924117e-06,163.0517193,0.8043416978234506,164.341025153954,0.02956370846392926,4350
163.35322423458882,0.22231161520082143,-1297.349914288409,1.3089794510706834e-06,163.02747440000002,0.7851464556658466,164.3398013645227,0.029153318635458853,4400
163.35081821740587,0.2187590881507611,-1297.34991437882,1.3798250168563872e-06,163.0239976,0.7985756501260489,164.3384959031685,0.028871176790565386,4450
163.34911788601457,0.20899882414202367,-1297.3499143675022,1.2967548648053674e-06,163.0390978,0.814321557393123,164.33882941335557,0.02931894900100202,4500
163.3548413891665,0.20991809853964613,-1297.3499144000682,1.237693141138429e-06,163.0268064,0.8230655107213768,164.3386909496264,0.029055057138784816,4550
163.35297162763723,0.21609713002638437,-1297.3499143429563,1.3606798729654875e-06,163.03530450000002,0.8130041407334595,164.34047159180435,0.02990230237485929,4600
163.3515052820937,0.20910022641097692,-1297.3499144020047,1.3237665715399982e-06,163.0376255,0.7755622082462195,164.33982116277417,0.028246837628118686,4650
163.3430160793509,0.19691689233547033,-1297.3499144860502,1.2132650586381934e-06,163.0086696,0.7872584415780135,164.33911612661703,0.028012021148313845,4700
163.3493343476606,0.19811295167119755,-1297.3499145461574,1.1843675914418824e-06,163.077818,0.8065478077188002,164.34167264854736,0.02853944077285954,4750
163.34959122693527,0.2005447740107475,-1297.349914531475,1.1713868744339089e-06,163.0485002,0.803624824305448,164.33852733739582,0.028683221273447468,4800
163.3430054634969,0.20671048814506485,-1297.3499144539462,1.2319604025136932e-06,163.05533549999998,0.8094871803492331,164.34067477152578,0.027704422426182575,4850
163.35376516100604,0.20015902788947157,-1297.349914512026,1.2096156412103159e-06,163.07693809999998,0.8148487950646992,164.33942061406123,0.02810016044539807,4900
163.34901504957105,0.20095419824716867,-1297.349914462334,1.309519162193653e-06,163.04566710000003,0.795517659331075,164.34000249963637,0.027642966882858767,4950
163.33454989376855,0.19046841694200056,-1297.3499145814612,1.1616183212045323e-06,163.051024,0.8066440519113761,164.34178424162,0.02697254106832042,5000
163.3411279743284,0.19785558643060006,-1297.3499145215605,1.1859254171936253e-06,163.05508840000002,0.8030162082208816,164.33920992940594,0.02715721500839788,5050
163.35015830815624,0.18943546084358154,-1297.349914558535,1.1709121634220639e-06,163.04200569999998,0.8129669605325377,164.3386928027255,0.02647224072005225,5100
163.3473563170229,0.1900945829540715,-1297.3499145577393,1.1620645544199776e-06,163.0762361,0.8046736472177977,164.34049983487378,0.02709034044039156,5150
163.3476965653717,0.19937136937936772,-1297.349914553008,1.1876600926039709e-06,162.9979957,0.7842655646982807,164.33797638726924,0.02666793206376037,5200
163.34460928149073,0.18892205910134008,-1297.3499145247679,1.2034617028410457e-06,163.08826110000004,0.8253348447247285,164.34034623765712,0.02690966031617704,5250
163.3507254096829,0.1974567376359277,-1297.3499145758913,1.17403054190009e-06,163.067142,0.8383052915113933,164.339859436,0.025936911670464052,5300
163.33820746956172,0.19547768121606113,-1297.3499145499165,1.1739680407662137e-06,163.0671608,0.8126730876086413,164.33952246743922,0.025113086084822232,5350
163.34257676772984,0.19098043273845422,-1297.3499145716867,1.1583663195736748e-06,163.0334094,0.8014297765816059,164.3403282729074,0.025328698704503185,5400
163.3402859180558,0.17943015221292022,-1297.3499146525828,1.07970094494473e-06,163.0835129,0.8162807857248587,164.34003160376145,0.025192178132158145,5450
163.34488038596515,0.18932897357656367,-1297.3499145883568,1.2225941637658222e-06,163.09011329999998,0.8101506078706062,164.33864215625456,0.025873692268753315,5500
163.34099418621528,0.18598101854619148,-1297.349914584615,1.1687950661838843e-06,162.98979809999997,0.8092011925141938,164.34059839763964,0.02516162417644828,5550
163.33845001856224,0.18285321449513461,-1297.3499146675574,1.1140348545669453e-06,163.0770326,0.8130745355238002,164.340064284375,0.02554977879601235,5600
163.3551754673197,0.18034593964080411,-1297.3499146926658,1.0629386352553168e-06,163.0520615,0.8112056607591897,164.3402986759115,0.024576488999143407,5650
163.34427195365708,0.1801117033119839,-1297.3499147087596,1.0424542239469945e-06,163.0623275,0.804637991132505,164.34007445278948,0.025239684438795953,5700
163.34323328099725,0.1757011615433099,-1297.349914679729,1.0688111765792741e-06,163.07181910000003,0.8080299927386314,164.3394051824174,0.024333132245029716,5750
163.34304940238408,0.1785581686846634,-1297.3499146553024,1.0949650571222147e-06,163.0283961,0.827080984616859,164.3400760989483,0.024674531276051574,5800
163.34281356893933,0.17446819543884345,-1297.3499146668835,1.08465026071652e-06,163.0519623,0.8354685692644056,164.33974541827348,0.023589789505200385,5850
163.33577121799811,0.1732149494303755,-1297.3499147092998,1.0600389288821912e-06,163.028,0.7965123293584374,164.33885454244069,0.024861552977827623,5900
163.33362784833324,0.17394353895209858,-1297.3499147116922,1.066445222589563e-06,163.03076130000002,0.821480061530597,164.34018597021847,0.0246106841462972,5950
163.34003174852683,0.17030282366381294,-1297.3499147365005,1.026822483262916e-06,163.0406751,0.8256346210461338,164.33929842240002,0.023924919140335423,6000
163.34351998744353,0.17513422823149227,-1297.3499147034465,1.0663772750330732e-06,163.11787790000002,0.8387733891830336,164.33940051722314,0.023691291732541486,6050
163.33559412623092,0.16908974332695284,-1297.3499146807887,1.0666604061498832e-06,163.1016918,0.8466242776655784,164.33958487598363,0.023461140253407953,6100
163.33966715472903,0.1718626579485216,-1297.3499147639654,1.0225887524134936e-06,163.00226189999998,0.8264597560549417,164.33798876819512,0.02469073985811729,6150
163.3383734114489,0.1703364296569924,-1297.3499147552548,1.0209411740876216e-06,163.05941110000003,0.8172140111052879,164.33988452696775,0.02314931132083436,6200
163.3414670006659,0.1671532079503465,-1297.3499147329721,1.0368728297955266e-06,163.0294407,0.8277469333035992,164.340355778544,0.022891037165823983,6250
163.34625094643107,0.16806698646804802,-1297.3499147494663,1.0385642170465953e-06,163.0628485,0.807674255933513,164.33837760546035,0.024398062505535393,6300
163.3367634923549,0.1667965376097467,-1297.3499147576167,1.001159365748116e-06,163.0827498,0.8075992101531325,164.33904477686616,0.02360724371420673,6350
163.34425406617967,0.1683007712179276,-1297.3499148262197,9.465706502469589e-07,163.0549491,0.8111492665096814,164.33817661571877,0.022515936039866277,6400
163.336258703387,0.17084518244717503,-1297.3499148084904,9.668850773718646e-07,163.03994640000002,0.8201095933758145,164.33976193026356,0.023156480957757908,6450
163.33711915120736,0.15909388973630476,-1297.34991479627,9.915346798626703e-07,163.0609762,0.8210546485061538,164.3399880506923,0.0233441917325755,6500
163.3352306833653,0.15689807722528593,-1297.3499148304118,9.79744505797427e-07,163.06615100000002,0.803933498281422,164.33956186847328,0.02281153059437204,6550
163.34044308430637,0.15546583710751052,-1297.3499148364315,9.391196276650171e-07,163.04592570000003,0.7968323225180532,164.33961365715152,0.022526948690384935,6600
163.33604869851615,0.157524261811966,-1297.3499148117328,9.647961913323367e-07,163.05864140000003,0.8362432063377518,164.33947555918797,0.022689417254950894,6650
163.34765239620302,0.1569154187861333,-1297.3499148601056,9.299930763187744e-07,163.0652411,0.8083945303382468,164.34006068059702,0.022922814294107696,6700
163.34053462414107,0.1645263237523227,-1297.3499147969858,9.775879681351707e-07,163.0861672,0.8111760763509759,164.3386672829037,0.022379039853062044,6750
163.33372091074406,0.1554585635239083,-1297.349914868133,9.311862957791813e-07,163.0293892,0.8138043845442006,164.33995247030882,0.022310551130173877,6800
163.33561483508373,0.15550647000616563,-1297.3499148416058,9.443374027329705e-07,163.04686529999998,0.8124452413460952,164.3392057508905,0.02230795104166604,6850
163.3365846035923,0.15097358660464252,-1297.349914870567,9.02854425295236e-07,163.06725,0.8248502344668421,164.33954198872465,0.020912520688157375,6900
163.33861607636598,0.1589694806976139,-1297.349914817749,9.662774089879021e-07,163.0613314,0.8245683191670924,164.33859061342446,0.023121489608240897,6950
163.3486729660949,0.16050809250475132,-1297.3499149015988,8.759560493934557e-07,163.0957752,0.8226847886918565,164.33960455757145,0.022356883445454303,7000
163.34049913359996,0.1558665706876031,-1297.3499148844546,9.343621908383831e-07,163.04451150000003,0.8112108971887366,164.33924925614184,0.021385337194616428,7050
163.34036514345493,0.14985117597110578,-1297.349914941751,8.273824667706377e-07,163.05740720000003,0.8187239595664495,164.33804477180283,0.021100548889687293,7100
163.3381684127688,0.15227986962211398,-1297.3499149179065,8.610522276481281e-07,163.0865879,0.8244987128453233,164.3401801261958,0.02169052168264234,7150
163.3441098857251,0.14878181949341668,-1297.3499149600436,8.214082927724144e-07,163.06127650000002,0.8112205320489342,164.3392955135,0.02056405620326543,7200
163.34007493696595,0.15179904829867155,-1297.3499148964713,9.040069527700452e-07,163.0535822,0.8404579344043132,164.33944725971034,0.020676630919574605,7250
163.33585012630388,0.148773497307658,-1297.3499149481925,8.430123219998771e-07,163.05164929999998,0.8260429789541918,164.33894259072602,0.021217397849547254,7300
163.3371004822835,0.14805501751948308,-1297.3499149829274,7.816497158146695e-07,163.0645209,0.8258429148168528,164.3398628717687,0.021455091632994982,7350
163.33863730134982,0.1467451777379342,-1297.349914985905,7.61383337743392e-07,163.08875709999998,0.8196091278588808,164.33869782566214,0.02080828696392676,7400
163.33631982209627,0.13851309228961478,-1297.3499149094507,8.62315841196396e-07,163.0900093,0.8406914223087534,164.3389890609262,0.020300974151283933,7450
163.34563017285907,0.15362528496928052,-1297.3499149391384,8.588278424103908e-07,163.0747431,0.8444325273652094,164.33941662009335,0.020627236863264634,7500
163.33479266179114,0.14601480891167337,-1297.3499149187714,8.666610143019231e-07,163.04977100000002,0.8239540052084249,164.33947033509932,0.020625690512346,7550
163.33694330196224,0.14474242125364853,-1297.3499149652653,7.9447178880703e-07,163.1032107,0.8231133316108513,164.33965640876315,0.020570211396388878,7600
163.33855703352526,0.14074085517854898,-1297.3499149609295,8.194814273943468e-07,163.03405220000002,0.8277798600444234,164.33967718630063,0.020373286200611136,7650
163.330871729868,0.1404179143205743,-1297.3499150180144,7.541058061945156e-07,163.0606753,0.8213866232292296,164.3399171764416,0.02042045257751206,7700
163.33679422538296,0.14199752658513803,-1297.3499149562729,8.225936531343194e-07,163.0499054,0.8452227034520814,164.34000420523873,0.01963381370594561,7750
163.33031826065468,0.13804872614295985,-1297.349914991601,7.938173598720955e-07,163.0240311,0.8352803349431829,164.33963284791025,0.02009571629180259,7800
163.33766205620145,0.14551617676056058,-1297.3499149730724,7.998625899142508e-07,163.0581733,0.8299865117320375,164.3392551479363,0.01879288571408246,7850
163.34245789348876,0.13403007172275264,-1297.3499149756476,7.899601300926257e-07,163.05192540000002,0.8337567125935751,164.3394555884177,0.019089727397081445,7900
163.33412277673733,0.14316873472784938,-1297.3499150327073,7.14754520341235e-07,163.0839717,0.8366186129707585,164.33932200074213,0.019500608700837335,7950
163.337077997337,0.13616172392084394,-1297.3499150067091,7.527548209665883e-07,163.0364568,0.8289104645580038,164.3392637259625,0.019598117391200195,8000
163.33434817679978,0.14189979244406664,-1297.34991501862,7.445517017380067e-07,163.0713617,0.8322875402426231,164.33878794413664,0.01940280749576447,8050
163.33393252319357,0.13761612339335327,-1297.349915037567,7.139386141888348e-07,163.0172739,0.8246561204337214,164.33964642216048,0.019459655408462485,8100
163.3359279598308,0.13814868871370115,-1297.349915028826,7.438638698315634e-07,163.0374121,0.8280111148551063,164.33916266700615,0.019438710610012094,8150
163.33363503930286,0.13489699197582306,-1297.3499150376501,7.457738895959105e-07,163.0294954,0.826705962007561,164.33913948106098,0.01910426988523548,8200
163.34310924834818,0.14222638330730938,-1297.349915028765,7.346434126669624e-07,163.0089965,0.8179749534782569,164.3395587067636,0.019133420612570284,8250
163.33837208496357,0.13301887084299938,-1297.349915033713,7.357224269767227e-07,163.0524728,0.8357408098927359,164.34017763254215,0.018820383374026108,8300
163.3357697254942,0.13436237660594508,-1297.349915013237,7.582174487240933e-07,163.0423669,0.8188225184583019,164.3409986553533,0.01887753712135076,8350
163.3321338255914,0.13740604278350738,-1297.3499150383416,7.202758291377602e-07,163.03784120000003,0.838442047420432,164.33862100514287,0.01809720536788009,8400
163.34185256691447,0.1337732184838978,-1297.3499150506718,6.939562260958705e-07,163.0554853,0.8190158441775816,164.34063008484023,0.018573338893897152,8450
163.3327713451299,0.13528615058022517,-1297.349915058876,7.215396410176989e-07,163.01316759999997,0.8370670742241906,164.3402554358235,0.018270500609180562,8500
163.33759826040702,0.1320876674136551,-1297.3499150645057,6.798889099575453e-07,163.0814801,0.8418593072443853,164.33939524929826,0.019278222384066342,8550
163.33026282160893,0.1301141817918139,-1297.3499150738335,6.634627025378254e-07,163.0201712,0.8268134246555063,164.34067007256974,0.01809161256208589,8600
163.33301206897943,0.12704875356002898,-1297.3499150464359,7.335085001811591e-07,163.04676410000002,0.8385029832392944,164.33969417617342,0.018958304157854596,8650
163.3359872887043,0.12287911173198826,-1297.3499150721775,6.702435672186957e-07,163.0775444,0.8408370235834328,164.33936972933333,0.018208878442902126,8700
163.33173684688467,0.12350913777245141,-1297.3499150779164,6.641167934518001e-07,163.06470990000003,0.8248213106073321,164.34029030893714,0.018564471922807954,8750
163.33466557165616,0.12689046783184968,-1297.3499151172098,6.040637964831836e-07,163.0456894,0.824635815355874,164.34032462655682,0.01800322247701599,8800
163.33501181147383,0.1326390966982499,-1297.3499150995085,6.312879880388132e-07,163.03430430000003,0.8271624605067113,164.33969735101692,0.01840771847923722,8850
163.33472435830075,0.12514563891276312,-1297.3499151186,6.095708549479643e-07,163.0389158,0.8194299080033431,164.34001161375284,0.018161514638523352,8900
163.33034426250674,0.12841659163734,-1297.349915073193,6.930952021157223e-07,162.9916411,0.8364938459551252,164.33938046559777,0.018291801991642404,8950
163.3276038496488,0.1274935700077943,-1297.3499150768785,6.812630445816601e-07,163.01040989999998,0.8207884143870435,164.34038770926665,0.01869735546412228,9000
163.33625248947214,0.1233683607922262,-1297.3499150843709,6.632443873049844e-07,163.0057922,0.8278391409804001,164.34029177923756,0.017390993877526562,9050
163.33744041943376,0.12013383963296569,-1297.3499151254798,6.09828227169689e-07,163.04029889999998,0.8369715473472186,164.34001234800002,0.017745807641419566,9100
163.32722642935022,0.12214019033401274,-1297.3499151175822,6.354446977446493e-07,163.017194,0.8375283473435435,164.33863430770492,0.017632442721732523,9150
163.3362391255918,0.1263514953054995,-1297.3499151553474,5.465725536996361e-07,163.04564839999998,0.8394815109681973,164.33877238394564,0.017690376675936065,9200
163.32918509382807,0.12497905250437302,-1297.349915123434,6.147643041931923e-07,163.02699729999998,0.8323771544214301,164.3402622668649,0.017234267322497186,9250
163.33180448022085,0.12455129733310706,-1297.3499151411831,5.638522232853577e-07,163.00912830000001,0.8109114126519109,164.3402088406989,0.016978899147055568,9300
163.33202053310237,0.1243417431691201,-1297.3499151298274,6.00811290097149e-07,163.0260821,0.8336268709018428,164.34024253457756,0.01637664841486799,9350
163.32834195384174,0.12202058174748866,-1297.3499151520396,5.458741763875775e-07,162.99929459999998,0.8127137568239188,164.339871574,0.01749335248022351,9400
163.3355048971793,0.11896105901475552,-1297.3499151335134,5.772874570115589e-07,163.03263189999998,0.8151916499648397,164.33991802675132,0.017247537122462152,9450
163.33055945062125,0.11740764641131622,-1297.3499151393473,5.808713226032452e-07,162.97995669999997,0.8287616557461607,164.33949956657895,0.016633460763280372,9500
163.34108443547464,0.12194660156675523,-1297.3499151443593,5.704223217583776e-07,163.0549385,0.8452771694939816,164.34012900676439,0.017555111387246223,9550
163.33536380448314,0.11759271134002167,-1297.3499151453307,5.77794936853466e-07,163.03423569999995,0.8364802576723,164.33916305465624,0.017142292052518358,9600
163.33301437286988,0.11606886935431028,-1297.3499151500528,5.274519810402626e-07,163.02444870000002,0.827657199061494,164.340221050228,0.017126119423366486,9650
163.3343827369761,0.12009496067473474,-1297.3499151711114,5.065930484438182e-07,163.06032069999998,0.8456606941566561,164.34000461262886,0.016037581605018895,9700
163.33519145024167,0.11432018780347392,-1297.3499151527017,5.556868532206285e-07,162.99006169999998,0.8281735771824151,164.34009623753846,0.016284286155941248,9750
163.33590221769944,0.11816224020568933,-1297.3499151783371,4.983021727387307e-07,163.01971650000002,0.8255570447629637,164.3398536353163,0.016374041763802836,9800
163.32904069932277,0.11218795059546777,-1297.349915146191,5.938330507165422e-07,162.99164929999998,0.8348287785165995,164.33980376654821,0.016707748554650605,9850
163.33756351990684,0.11316492828934738,-1297.3499151664332,5.214537787251502e-07,162.9689325,0.8172165141954473,164.33907029966667,0.01657715914372678,9900
163.33520081280832,0.11213138303020712,-1297.349915181946,5.205139947490836e-07,162.9302307,0.8047665799022214,164.3394218033568,0.016311865987317407,9950
163.34178496738454,0.11310395830881742,-1297.3499151709318,5.512030579407955e-07,162.95534959999998,0.8121826150563975,164.33947887136,0.015472952870173185,10000
163.32821656194213,0.11415897368157993,-1297.3499151776157,5.207648373812645e-07,162.998266,0.8314743879062109,164.3398669192338,0.016701969483131955,10050
163.33702543258138,0.111025975125997,-1297.3499151797662,5.212013342680852e-07,163.04528200000001,0.8393680351049877,164.33990947061386,0.016116803728927015,10100
163.3300683680823,0.11123155467803456,-1297.3499151889132,4.842435046960522e-07,162.98751020000003,0.8171621326982598,164.34035047112317,0.016046909551519942,10150
163.33286309256096,0.11128102537515161,-1297.3499151880485,5.109861112475509e-07,162.9691646,0.820970231035723,164.3406017665392,0.01618955876631616,10200
163.33720687809057,0.11423976325403226,-1297.3499151921405,4.895712448938584e-07,163.00539559999999,0.8372732362978338,164.339774316839,0.015992992547633266,10250
163.33199334898276,0.11038736034958618,-1297.3499152076743,4.6138112435299195e-07,162.9884816,0.8285680359641254,164.33975905319414,0.015922808934627556,10300
163.3388361630503,0.11326195305314893,-1297.3499151699586,5.30971730046061e-07,163.00867739999998,0.8379977590478676,164.3387108381739,0.01593639795138832,10350
163.33645796036768,0.11108345487124958,-1297.349915203978,4.5756421796392987e-07,162.968785,0.824439291940291,164.3397138154904,0.015735419550544156,10400
163.33638929025446,0.11191665100098336,-1297.3499152144882,4.276589861795286e-07,163.01333110000002,0.8305711763255443,164.3397298902105,0.015752055697530232,10450
163.33757826690683,0.10952009000750164,-1297.3499152009035,4.4837786538109154e-07,162.9914772,0.8208153970779107,164.3391364630095,0.015865806740005612,10500
163.3310207838767,0.10638273339539944,-1297.3499152003553,4.763821115425888e-07,162.9819632,0.849209951770331,164.33888367167773,0.015315341151220374,10550
163.33727905992606,0.11405166554342731,-1297.3499152273425,4.1931805053539385e-07,163.0060582,0.8349938971470203,164.33828421907546,0.015536747152193671,10600
163.33673093061236,0.10806219162954112,-1297.3499152087804,4.74573588677999e-07,162.9319815,0.8145054146215104,164.33916491413146,0.01506673399059277,10650
163.33483660645894,0.10856394764429916,-1297.3499152034824,4.579321818250216e-07,163.02738829999998,0.8493718635280533,164.3401710357383,0.015390815137214518,10700
163.33407875842934,0.11171485887353985,-1297.3499152165036,4.5991653334507527e-07,162.9805977,0.8322634752316832,164.3398749228279,0.015327123665942714,10750
163.32989136884527,0.10688947131564823,-1297.3499152065554,4.795804276774415e-07,162.9956342,0.8330298359664968,164.33953525234259,0.01560740703836655,10800
163.33654904361174,0.10326138388939901,-1297.349915243612,4.036446559015501e-07,162.9459044,0.8300430759187434,164.33947663931795,0.015219218504897027,10850
163.33381611844163,0.10733735903366028,-1297.349915239034,3.7556549236913836e-07,162.9719559,0.8325471028387516,164.34061855469724,0.015156400063721077,10900
163.3272045522459,0.10351185797702425,-1297.3499152151162,4.906420912467769e-07,162.9256975,0.8152969351615146,164.33961341418265,0.014995781988777605,10950
163.32923429826383,0.10503808394541277,-1297.349915218917,4.390187178928898e-07,162.9530049,0.8249780430084177,164.33981316229998,0.014843743772469897,11000
163.33479614291724,0.10342409427159335,-1297.3499152505601,3.971313917382458e-07,162.94925809999998,0.8241616215733412,164.33974601466971,0.014593387031251301,11050
163.32893109950086,0.105920130243996,-1297.3499152499191,3.43700846395263e-07,162.96664759999996,0.8145769869289515,164.34019017356758,0.014805021326452356,11100
163.3277936352807,0.10288365824634206,-1297.3499152504737,3.633589318766565e-07,162.94427269999997,0.815027035088235,164.33895244961437,0.01462235365861578,11150
163.33474495303008,0.1043347103369651,-1297.3499152612756,3.6850414262202705e-07,162.9302943,0.8233737324796797,164.34029700725,0.014716415112719485,11200
163.3338293614127,0.09691233372513046,-1297.3499152517684,3.7200780685351554e-07,162.96527529999997,0.8328766941510123,164.34001958226665,0.014153407762667863,11250
163.33805727653166,0.10216771667272156,-1297.3499152544127,3.7641794291306745e-07,162.9002675,0.8203091664816131,164.34017376070796,0.014022257803422429,11300
163.33420318705998,0.10195382011228993,-1297.3499152323923,3.91327637545827e-07,162.9862683,0.824466752928897,164.34047778430838,0.014809519791152874,11350
163.33176943933006,0.10044287013743596,-1297.3499152582124,3.7676222360907123e-07,162.94929449999998,0.8209612236882807,164.33925729349122,0.014376689732830251,11400
163.32849810799706,0.09958407892928925,-1297.3499152568318,3.583452492231235e-07,162.96155439999995,0.8252411290529873,164.33903462585155,0.014365419305505252,11450
163.33236193565716,0.09867895481037972,-1297.3499152497961,4.1395695254202405e-07,162.895875,0.8124678575888459,164.33927786588697,0.014461707936379634,11500
163.33255241592425,0.10561222991674954,-1297.3499152543648,3.6847070222560005e-07,162.9276827,0.8231413544408512,164.33889760531602,0.013642069055837357,11550
163.33071403858307,0.09820773949146443,-1297.3499152486927,3.7357373552296076e-07,162.9760006,0.8208813708445631,164.34043161189655,0.01416551589456788,11600
163.32769434270244,0.0953896981012976,-1297.3499152522418,3.7015880213909273e-07,162.92228729999997,0.825559091542646,164.33974540954506,0.01400738483842338,11650
163.3360301004535,0.09345174850007412,-1297.3499152507022,3.9043891920100684e-07,162.9307079,0.8333248666202149,164.34000035695726,0.014158437004173933,11700
163.3357013604766,0.1000967078158275,-1297.3499152659062,3.3116141480801983e-07,162.90301490000002,0.8048662493781182,164.33987211348938,0.014422130174417996,11750
163.33068424469587,0.0985835329550396,-1297.349915221499,4.7500974671302963e-07,162.896595,0.8104238737568191,164.33937091809318,0.013622194416872319,11800
163.33136125693525,0.094656147935841,-1297.3499152695774,3.494306539900425e-07,162.91799229999998,0.8010646404696189,164.3392993490802,0.013727742063605396,11850
163.33282360999723,0.09708472413669696,-1297.3499152741733,3.551224560542343e-07,162.86353580000002,0.7914606013430925,164.34007434154623,0.013364348464099488,11900
163.3310810535337,0.09419413082050418,-1297.3499152689735,3.690411731816512e-07,162.88279369999998,0.8024412096286677,164.3395991727615,0.013782078894736859,11950
163.3369814699988,0.0929791550314642,-1297.3499152731974,2.8989944003580726e-07,162.93285679999997,0.8186056945891406,164.3402602034,0.013506203233869807,12000
163.3295124962515,0.09193139560059797,-1297.349915268561,3.632551319282357e-07,162.89121259999996,0.8125392287891394,164.33940339501243,0.013470471227260044,12050
163.32276992343768,0.09494261861441852,-1297.3499152746513,3.724481390647387e-07,162.838886,0.798830840769189,164.33937064835536,0.013739595852528107,12100
163.3354100715636,0.09593598434579091,-1297.3499152761487,3.5966745502274164e-07,162.86141139999998,0.8064185541578575,164.3400785374239,0.013070458650162696,12150
163.3322646965481,0.08812088231605958,-1297.3499152955012,2.8622261568239196e-07,162.89755119999998,0.8059423863518844,164.3396952732951,0.013678003921029285,12200
163.3337866474439,0.09728424480179515,-1297.3499152918528,2.834647846922049e-07,162.86296639999998,0.8041527424507421,164.33965705390204,0.013171076481357558,12250
163.32806479394546,0.09526225679943205,-1297.349915287013,2.9887692724128465e-07,162.9137572,0.8258777905768925,164.33927788806503,0.013266517950129005,12300
163.32427079323784,0.09217272481826408,-1297.3499152830466,3.2649744909189564e-07,162.88900919999998,0.820472329536694,164.33978254242916,0.012945759737925649,12350
163.3319635217361,0.09239277353050901,-1297.3499152847985,3.2250815760840516e-07,162.88114389999998,0.7979815544502266,164.33906015555647,0.01305472162556915,12400
163.32915340316842,0.09180422664192608,-1297.3499152795546,3.263857735174026e-07,162.8598257,0.810352786451382,164.33943241498793,0.013106861742106915,12450
163.33284142835325,0.08921645041780409,-1297.349915294149,2.6354216337197976e-07,162.89581659999996,0.8164941185241015,164.339707331008,0.012967271434927326,12500
163.33236306295532,0.09334966804003487,-1297.3499152916613,3.0124946647332185e-07,162.8672629,0.7902063103099088,164.34040053826294,0.013283190957413956,12550
163.3282377744129,0.09069721237094003,-1297.3499152851307,3.3364359573991476e-07,162.8916803,0.8178001932513342,164.3395103975635,0.012749916111179727,12600
163.32967967157472,0.08943797555660957,-1297.349915297424,3.0699315361536364e-07,162.8547697,0.8161808386209023,164.33975045437154,0.012934823930954303,12650
163.32821107234847,0.08597742739939067,-1297.3499153002563,2.547196914729477e-07,162.8927347,0.808308452180181,164.3385624440945,0.012480821171224985,12700
163.32495883383993,0.0857360226769101,-1297.349915304954,2.6174299560174817e-07,162.8251173,0.7922085151339385,164.33913610861177,0.012727706856010447,12750
163.33532625890552,0.09269843621733573,-1297.3499152828674,3.431420897895982e-07,162.9213097,0.82356603782327,164.33997675740625,0.012776484961561009,12800
163.325592446158,0.08612971433521892,-1297.3499152879779,3.2368810607218205e-07,162.88246159999997,0.8147532191071414,164.33966206162643,0.012800425459521786,12850
163.33162064637938,0.09054741714582878,-1297.349915308917,2.7896518853339484e-07,162.84829,0.7960516612255828,164.33969490165893,0.012652918998457621,12900
163.3331538883141,0.08242182503895754,-1297.3499152926752,3.074555439809677e-07,162.8933845,0.8141809675555919,164.339378790139,0.012671570505425502,12950
163.3268334839461,0.08562574899573391,-1297.349915317627,2.3404061737527775e-07,162.8275976,0.7851684833806373,164.3395504378,0.01269062185331403,13000
163.3301743489821,0.08652115557732716,-1297.3499153076757,2.6409912874981575e-07,162.8526572,0.7952964437165365,164.3400536708889,0.012274284476052352,13050
163.32751755776917,0.08666490253192724,-1297.3499153041187,2.894104771469196e-07,162.83852029999997,0.8148963587094491,164.33970349821377,0.012390817426402188,13100
163.332776191623,0.08695907239098175,-1297.3499152947068,3.33077804171066e-07,162.8388913,0.8020825161754366,164.33959082514826,0.012435263867518639,13150
163.33076387259027,0.08878354185557975,-1297.349915325121,2.241387218723825e-07,162.80919949999998,0.7853851471410445,164.3392957446515,0.011862607503231797,13200
163.33411452985706,0.08606696909005256,-1297.3499153128405,2.600647252490389e-07,162.8476773,0.7879373661114951,164.34028236459625,0.011706892452179585,13250
163.32866225426346,0.08549130340099031,-1297.3499153180128,2.0883449559769967e-07,162.8807062,0.8216282867462451,164.33943787457142,0.012200140979044564,13300
163.3300152548478,0.08255284182235896,-1297.3499153188882,2.3524059972220698e-07,162.8375635,0.7864466206029246,164.33957083959552,0.011908707595452992,13350
163.33076665247236,0.08244585213792394,-1297.3499153146445,2.6269930875565214e-07,162.794841,0.7793662799473748,164.3405308221194,0.011704517764098608,13400
163.33263358996354,0.08457380649979415,-1297.3499153226446,2.2520980495718362e-07,162.8385548,0.8077899637386997,164.34001755775463,0.011705218693952947,13450
163.32925136066908,0.0847010337027654,-1297.349915315007,2.9912450142139547e-07,162.79659739999997,0.7850203725211531,164.33976202857033,0.011957390842352329,13500
163.33017224100678,0.081941995339194,-1297.3499153118569,2.541663976687759e-07,162.80797090000002,0.7891939662866155,164.33970934648707,0.011898425780946957,13550
163.32735341386334,0.08079492946162356,-1297.3499153172147,2.465123439972756e-07,162.8030233,0.7897006997002849,164.33927008254412,0.01189736913744069,13600
163.33171580225095,0.08307810715381303,-1297.3499153162936,2.146703709471587e-07,162.8612143,0.8018500861916272,164.3400021200293,0.011854088427825519,13650
163.32848106399274,0.08042827662020458,-1297.3499153159726,2.675242839515808e-07,162.8012833,0.78814943463224,164.340706337219,0.011418563076242819,13700
163.32895022118774,0.08103646561684034,-1297.3499153229136,2.209673245091376e-07,162.84787169999998,0.8128822873510775,164.33946888611635,0.011169618873041368,13750
163.33255284725166,0.08102548039335719,-1297.3499153218797,2.334858958106053e-07,162.81953679999998,0.7871441895013709,164.33973465381882,0.011106845552243144,13800
163.3286242548255,0.08075781529081578,-1297.3499153289579,1.9257272885603503e-07,162.7898835,0.772620440434862,164.3397950822599,0.011567462240536399,13850
163.3314607226508,0.07705399964059621,-1297.3499153284472,2.222532308162607e-07,162.7929529,0.7812836901098089,164.3400979976259,0.011351841943014546,13900
163.32966741100492,0.07856484765268607,-1297.3499153334883,2.0497247485173966e-07,162.76532219999999,0.7652271247068873,164.33964663306094,0.011401921069788792,13950
163.32954894169183,0.08121979448875498,-1297.3499153091311,3.13081987395784e-07,162.81803089999997,0.7921211728234512,164.33921836227142,0.011443216302965962,14000
163.32552865681922,0.07756748121298003,-1297.349915325398,2.407209130504857e-07,162.773462,0.7736380963706543,164.339058790121,0.010972311452879826,14050
163.33453904283476,0.07836579578582778,-1297.3499153323546,2.1502388222312833e-07,162.8029491,0.7929171407273271,164.33951019161702,0.010891919744626897,14100
163.3288534530262,0.07724657467575996,-1297.3499153434668,1.6928665690977344e-07,162.78480029999997,0.7792995606119126,164.33932097175972,0.011528209407964604,14150
163.32887315094203,0.0781285462714182,-1297.349915348065,1.74016222465666e-07,162.74946119999996,0.7567508510828186,164.34019897680986,0.010867746315927348,14200
163.32823387299817,0.0720825444257034,-1297.349915339001,1.7904273327527796e-07,162.77927350000002,0.7596626847803969,164.33946939656843,0.011215623000991515,14250
163.32461669874098,0.07572211746115906,-1297.3499153454513,1.4871333971793626e-07,162.77247289999997,0.7679639978642229,164.34013286669233,0.010883121134361151,14300
163.32987889304903,0.07674195959606485,-1297.3499153399673,2.1214671331739038e-07,162.7544218,0.7572910793643157,164.33985789383274,0.010804952268598535,14350
163.3288438705284,0.07513431685038427,-1297.3499153461773,1.7142977255048104e-07,162.75015829999998,0.759842612644961,164.33915716945833,0.010897512896940652,14400
163.32647351165022,0.07402625862095394,-1297.3499153350078,1.854618983495339e-07,162.7723431,0.7714138418724413,164.3397118978616,0.010432536458678232,14450
163.32996291029326,0.07461907863664875,-1297.3499153305556,2.3349246731572445e-07,162.7858016,0.7733722368545759,164.33947490976553,0.01058469334492094,14500
163.3338549436453,0.07455861089401566,-1297.3499153383837,1.8690033272677092e-07,162.8480332,0.7878332217530376,164.3399473688935,0.01054711280845677,14550
163.32960771317698,0.07508572280993495,-1297.3499153349171,2.020056127313166e-07,162.7647317,0.7752384182076631,164.33972228166436,0.010627323701834255,14600
163.32586146394505,0.07291702238841617,-1297.3499153538035,1.6521936510054564e-07,162.68760599999996,0.7479393284645547,164.33934110654604,0.01073596629509205,14650
163.32791993913813,0.07158134175393525,-1297.3499153342932,2.491011014724203e-07,162.71870629999995,0.7509751737509832,164.33967853640135,0.010450957570011766,14700
163.33016103659142,0.07570621510522707,-1297.349915352347,1.41994767232319e-07,162.73768959999998,0.7526955061323604,164.33974086503727,0.010260177870353332,14750
163.3296899031642,0.07091766076556089,-1297.3499153444393,1.8009437553861968e-07,162.7170358,0.7325784476207106,164.33939174066217,0.010049605487606297,14800
163.3309629724972,0.07258719829202477,-1297.349915360344,1.335807701772253e-07,162.6893848,0.7249179357892658,164.3399608141549,0.010193032117590366,14850
163.32862516803982,0.07202157546046918,-1297.3499153407581,2.3299598949404712e-07,162.7254355,0.7433368346918914,164.3395040413557,0.010115246656160561,14900
163.32505585932935,0.06689961902278757,-1297.3499153589728,1.3581731754009326e-07,162.68655779999997,0.7387440909131993,164.3397728795786,0.010042858518223072,14950
163.33148473873786,0.07095539516723523,-1297.349915356525,1.7829756788660812e-07,162.70032349999997,0.7361037810647082,164.34009580775333,0.010192640663799008,15000
163.3280689514359,0.07008198805660085,-1297.3499153474943,1.7512866021697333e-07,162.70400999999998,0.7422015937735579,164.339711157794,0.010271087064029022,15050
163.32936026840116,0.07076505582553044,-1297.349915357256,1.2964265334177213e-07,162.7459847,0.7501189457118921,164.3390915591987,0.010443361927823306,15100
163.32901082008442,0.06980616580871454,-1297.349915350424,1.6463311160976493e-07,162.7381948,0.753566951075331,164.33971201786798,0.010201138879300981,15150
163.3314608887222,0.06997422221771751,-1297.3499153508092,1.707339240785899e-07,162.69985889999998,0.732644808444583,164.3395448615724,0.00958827536157805,15200
163.33303306175046,0.06874295880204319,-1297.349915351377,1.4863686309350112e-07,162.7121621,0.7316262637942955,164.33988966577704,0.010080832279606364,15250
163.3266761851568,0.07017003641578243,-1297.3499153552896,1.6462439643190627e-07,162.6850824,0.7342574245523497,164.33931569603925,0.010366416671867603,15300
163.32799998779777,0.06559550158052012,-1297.34991536294,1.2611997452024023e-07,162.6880075,0.7372828334457269,164.33944908012379,0.0097914085603734,15350
163.32772409994493,0.06732966543536478,-1297.3499153643884,1.4657511097584212e-07,162.68209499999998,0.7353581704686564,164.3393079768961,0.009795217331099464,15400
163.32552023660486,0.06646761914070247,-1297.3499153640782,1.2797931169680554e-07,162.66603869999997,0.7222122749249832,164.33933720994176,0.01009179066415882,15450
163.33086112121214,0.06830415033560547,-1297.3499153632804,1.500174621846917e-07,162.67615339999995,0.7262647662309178,164.33960617501936,0.00953256420310955,15500
163.33084948820925,0.06689616338095083,-1297.3499153598998,1.7477093803967043e-07,162.68622829999995,0.7262817566407131,164.33977920686814,0.009688507820351348,15550
163.32690501467442,0.066247840520977,-1297.3499153574344,1.418891889427406e-07,162.68426249999996,0.7225256754910236,164.3396196523782,0.009601279997211278,15600
163.32844736795437,0.06415459912650315,-1297.3499153673854,1.1799055442737438e-07,162.68098649999996,0.7179432287219931,164.33964103957828,0.009679981921044105,15650
163.33075530646497,0.06432208858346995,-1297.349915362021,1.2834287045908368e-07,162.690384,0.7345095851954621,164.33959336893633,0.009592527756371453,15700
163.32865446879964,0.06511181228848686,-1297.3499153615865,1.5773665261018571e-07,162.64742169999997,0.7189620173688724,164.3395927377651,0.009894812401086535,15750
163.32819699682133,0.06652246409961511,-1297.3499153679647,1.4265421131520208e-07,162.66030049999995,0.7219741242245178,164.33949119306328,0.009995350804102857,15800
163.32566115876915,0.06728131000586345,-1297.3499153718599,1.0949934582035624e-07,162.64771759999996,0.7256102877924547,164.3394517857161,0.009408826049034731,15850
163.3294904958372,0.06517517168835446,-1297.3499153707073,1.2036353151014404e-07,162.62845749999997,0.6934899769598399,164.3399775194277,0.009392501597649544,15900
163.32620519712714,0.062239511108500734,-1297.3499153648331,1.6980687399087608e-07,162.65679749999998,0.7144014896707309,164.33974741250157,0.009405605527188093,15950
163.33019984638352,0.06326181508394592,-1297.3499153613793,1.2636084991932042e-07,162.71007569999998,0.7369241747422324,164.33959789368748,0.009148281746822945,16000
163.32681578224572,0.06129154922036438,-1297.3499153676898,1.2369890905206035e-07,162.6465366,0.7079730909155019,164.33975613514642,0.008975568027055339,16050
163.32872228039685,0.06249662010678555,-1297.3499153745072,1.1233823581209853e-07,162.61866279999998,0.6831120925559505,164.33925911863975,0.008832792425935222,16100
163.3302991528001,0.06200901225527137,-1297.3499153683151,1.2217790693876008e-07,162.64066849999998,0.7098463371447085,164.33971472842723,0.008654343760639031,16150
163.3245900205003,0.06380546679204693,-1297.3499153667735,1.240254760942074e-07,162.65004949999997,0.7196612444058379,164.3394151769568,0.009250436503540837,16200
163.32624038390455,0.05946064527480794,-1297.349915373475,1.1051823615843945e-07,162.63719919999997,0.7002502861258747,164.33986214252306,0.00868640254080748,16250
163.32897902695208,0.06236907301464954,-1297.3499153758362,1.0809956695478406e-07,162.61539869999996,0.6830616821988476,164.33949016922702,0.00871274212749907,16300
163.32499349077023,0.06094070947279192,-1297.3499153748924,1.3598704750030025e-07,162.62067539999998,0.6819448897343903,164.33997385787765,0.008805763763143428,16350
163.3305443999439,0.06073692040781993,-1297.3499153750158,1.0382233150690811e-07,162.64103049999997,0.7054325988496418,164.3397425498049,0.008799187821383385,16400
163.33017021305417,0.059441189616052534,-1297.3499153729806,1.1410598021457945e-07,162.63058339999998,0.6894695182126979,164.3396142620547,0.008691986239424153,16450
163.32761774942716,0.059082621693435845,-1297.3499153746932,1.0700034984531485e-07,162.6357252,0.6990476698230025,164.33979185902427,0.009128738649971053,16500
163.33058418271418,0.06002927092292951,-1297.349915370245,1.1806159274690255e-07,162.6436536,0.7045682588699618,164.33966018930514,0.008251106625387208,16550
163.3277011403979,0.05861021208590163,-1297.3499153757311,1.1501953867845665e-07,162.58693769999996,0.670173248398292,164.3396392135,0.008640287547811603,16600
163.32901436496903,0.05878083796532052,-1297.3499153757361,1.0287485023229844e-07,162.6369239,0.7043579836693835,164.3392748149009,0.008788108391592714,16650
163.32782356160402,0.05575507165386709,-1297.3499153797798,1.0107421160768823e-07,162.59448029999996,0.6738573809508351,164.33912522416765,0.00865270978218932,16700
163.3273790182934,0.05876091148067443,-1297.349915384812,8.935558522005729e-08,162.5756468,0.6573803115014694,164.33953011740303,0.008705119532740302,16750
163.32928492067742,0.0577517863888735,-1297.3499153812284,1.0390372694242372e-07,162.56976629999997,0.6515546960419507,164.33954948806547,0.008399345053325336,16800
163.32641281573035,0.05711928834837274,-1297.3499153773703,1.0307342786355246e-07,162.6190193,0.686442023901159,164.33947964091396,0.008016710885708761,16850
163.32796578506998,0.05829119662787496,-1297.3499153828575,9.496468220422512e-08,162.5824611,0.662471773011348,164.33981388673968,0.008074719217885303,16900
163.32683430410884,0.055660068669247165,-1297.349915382627,1.2852747672040068e-07,162.55535959999997,0.6447263216185984,164.33936796469618,0.00803113843237057,16950
163.3270657743098,0.05800201217185964,-1297.349915378626,1.3007311969576047e-07,162.59685549999995,0.6806042171995108,164.33976191708237,0.007812468556782077,17000
163.32699738148946,0.055032457583038305,-1297.3499153821656,9.348290545176417e-08,162.59271099999998,0.6732683112838513,164.33941613645158,0.008038684831530397,17050
163.3270248004664,0.05481683754256603,-1297.3499153847242,9.112440450357355e-08,162.56630949999996,0.6563170784458976,164.33942787679536,0.008271853639935892,17100
163.32861550609746,0.05702361229069383,-1297.349915378957,1.0327299421642837e-07,162.59504469999996,0.6723410581333844,164.34015842746356,0.00827729347986899,17150
163.32798199008025,0.05743411690314775,-1297.3499153824737,9.537946273465307e-08,162.583212,0.6594993339314369,164.3395525895,0.007926088484909026,17200
163.32745107367535,0.05376839002531165,-1297.3499153874936,8.537042761388799e-08,162.55558009999996,0.6423658677373811,164.33961915387823,0.00794772872355894,17250
163.33073929436256,0.05433801931510186,-1297.3499153896148,8.082138336286123e-08,162.54271029999998,0.6291306574344621,164.33958171906357,0.007875570857200923,17300
163.32793511863815,0.05171233145357739,-1297.3499153868145,1.218978205188472e-07,162.5324961,0.6289081994494888,164.33953167914123,0.007839546444929195,17350
163.32429899497853,0.05310547813734556,-1297.3499153852279,9.758482555436584e-08,162.53739509999997,0.6316279615770648,164.3391213680862,0.008067004924160343,17400
163.32735615536356,0.05428534952012423,-1297.3499153900082,7.992704031412321e-08,162.53795509999998,0.6300355948944459,164.33969999560458,0.007739005899558144,17450
163.325093933995,0.05297623230077707,-1297.349915387167,8.578668074608726e-08,162.55493149999998,0.6450720133115051,164.33977349878285,0.0076115153316113964,17500
163.32796005138704,0.05264671405044987,-1297.3499153885846,8.439208017575365e-08,162.54150149999998,0.6334534211350968,164.3399874314131,0.007798921245579311,17550
163.32818936317008,0.05208775904039984,-1297.3499153849696,9.497561347388485e-08,162.5547659,0.6381625909963687,164.33980909344885,0.007286667995836658,17600
163.32980486038576,0.05230584169311642,-1297.3499153882663,8.294086342506147e-08,162.5548562,0.6341038109975123,164.3397082172351,0.007424474735044549,17650
163.3285720635163,0.05211794374673742,-1297.349915388535,9.070489036138626e-08,162.52136499999997,0.6141126835321087,164.33935049949153,0.007294711910078853,17700
163.32788898787402,0.05001819689593829,-1297.3499153907378,8.08427020665123e-08,162.52854829999995,0.6151782260590165,164.33980670926195,0.007457379874000664,17750
163.32709545440474,0.051631842768801006,-1297.3499153900996,1.1601336840270925e-07,162.51852519999997,0.6150697048017956,164.34007019911797,0.00756907968560112,17800
163.32680029698454,0.05365920097159096,-1297.3499153938312,7.993855706452512e-08,162.49265219999995,0.5745243981200172,164.33985807268908,0.007256207399569151,17850
163.32609233843704,0.04898476683948989,-1297.3499153914042,1.1750551662204077e-07,162.49828129999997,0.5876129123158526,164.33949613873185,0.007009556516888783,17900
163.33039915384347,0.05061478311675313,-1297.3499153929758,7.473777993568786e-08,162.51295179999997,0.6104605768407718,164.33987354143733,0.007065712370435384,17950
163.3288603503178,0.0513854379237678,-1297.349915390605,8.358933511392116e-08,162.5183569,0.6157168763095566,164.34001475124444,0.007269994286947157,18000
163.3278452332352,0.047577853314454716,-1297.349915394234,7.383083162727069e-08,162.50476619999998,0.5901949880654429,164.33924121926316,0.007356314918649657,18050
163.32631690243772,0.04952442744207914,-1297.3499153915589,7.508588166729624e-08,162.5362865,0.6213526951480605,164.33978414371825,0.00702786466606759,18100
163.32606712116225,0.050258144595321685,-1297.3499153965313,6.962769417870829e-08,162.48245899999998,0.5765078725559674,164.33934905527823,0.006773197304656259,18150
163.33023719418676,0.0479483904291581,-1297.3499153913017,8.374492857291153e-08,162.50651589999998,0.6090755820070259,164.339770877478,0.006882041570829096,18200
163.3270545675462,0.04762823367620554,-1297.3499153914895,8.178320096806506e-08,162.51492739999998,0.6059092242483589,164.33962186753425,0.0068725221135003175,18250
163.32714634609863,0.04754520037122968,-1297.3499153921944,8.121614390952875e-08,162.50718499999996,0.59929218839812,164.33944224936607,0.007079024345162909,18300
163.32580323026104,0.0446856522093467,-1297.3499153982775,6.716231144992395e-08,162.46267089999998,0.5647403996025048,164.3395254057166,0.006678199653770296,18350
163.32421861381172,0.044877654157961806,-1297.3499153960531,7.121965339207669e-08,162.48234489999996,0.5829741540531597,164.33956517294564,0.006656753756584325,18400
163.32607183557516,0.04641879131681194,-1297.3499153953749,7.221321123159563e-08,162.4913209,0.5855729528190297,164.3395980762547,0.006589558214726304,18450
163.327478485806,0.046970011664133046,-1297.3499153975622,7.015555668045074e-08,162.46341669999998,0.5667589828234897,164.33970164731352,0.00659047639919182,18500
163.32736564727503,0.04407590821954416,-1297.349915397037,6.898398838802287e-08,162.47751579999996,0.5713016136423626,164.33953988298651,0.006606535703079105,18550
163.32720132110745,0.04371315972287513,-1297.3499153983505,6.569992873280296e-08,162.46837239999996,0.5626344252871907,164.33957989535486,0.0066386411281331905,18600
163.32831640133082,0.0455503053825555,-1297.3499153948665,7.448819402258075e-08,162.49132229999998,0.5855756596484503,164.33974690642896,0.0065239376782543134,18650
163.32717973505697,0.043235151596851956,-1297.34991539436,7.637506691993034e-08,162.48636079999997,0.5917345795399885,164.3394299016631,0.006325248175106985,18700
163.3291061058727,0.043122526496906746,-1297.349915398121,6.621822622211342e-08,162.47285709999997,0.5630594773463967,164.33982007040532,0.006489473077772625,18750
163.3283251168966,0.04324782617382684,-1297.349915401216,5.9320724158766384e-08,162.44973159999998,0.5322601213330257,164.33983789812768,0.00632737084065385,18800
163.32712734070674,0.041839163272794425,-1297.3499153987575,6.969556974524898e-08,162.44662149999996,0.5527169971945465,164.3398405306366,0.006415758861341748,18850
163.32629625965842,0.0442584269725768,-1297.3499154020758,5.5757736679395774e-08,162.43963179999997,0.536653572268709,164.33992490647094,0.006158891512481272,18900
163.3252744794708,0.041469289211823746,-1297.3499153981068,6.352375489885832e-08,162.47161339999997,0.5791786773875975,164.33988698051715,0.005920927947929847,18950
163.3269076004884,0.042275252705644854,-1297.3499154021263,5.392642448655818e-08,162.44907359999993,0.5331694415315333,164.33940652233684,0.00627739359198978,19000
163.32827628437343,0.04247049582468589,-1297.3499154011658,6.098952878919668e-08,162.44028979999996,0.5357617618083307,164.33938499029924,0.006045829855923694,19050
163.32568470366235,0.04377900203568048,-1297.3499154017106,6.271394684889883e-08,162.42741329999996,0.5250261521420777,164.33932757605234,0.006031122772669382,19100
163.32559182456995,0.041039141737287434,-1297.3499154024926,5.2059589947264635e-08,162.44308479999998,0.5382613855822901,164.33935485801567,0.006034860509672109,19150
163.32865514810214,0.041524268916660424,-1297.3499154025662,5.605221981992787e-08,162.43057899999997,0.5298673661955472,164.33971726242189,0.00575035647200214,19200
163.32682017223613,0.04015143770778602,-1297.3499153999599,6.403030263347555e-08,162.45008839999997,0.5444321652744691,164.3393459280831,0.00598386337713501,19250
163.32768575364253,0.04032721673016667,-1297.3499154034062,5.435257563358593e-08,162.42676919999997,0.5155801260050337,164.34007598582386,0.005595361342911316,19300
163.32546578082238,0.03863831382290591,-1297.349915406617,5.0469980371931375e-08,162.38814639999998,0.4703312864003896,164.33981265548837,0.005674592361605681,19350
163.3279989146424,0.04002753005469472,-1297.349915403593,5.3130879167175246e-08,162.4248022,0.518317320446815,164.33986690472165,0.005633742646813727,19400
163.32734058056914,0.039119987964408895,-1297.3499154054289,5.065982063387528e-08,162.40699639999994,0.489309905465898,164.33939215322366,0.005688182055658898,19450
163.324690125544,0.038914817489171735,-1297.3499154065373,5.1075466345497105e-08,162.39076859999994,0.466505751576597,164.33986320752308,0.005360794715840564,19500
163.3253675701808,0.038099229058220475,-1297.3499154076192,4.4533333095863e-08,162.38403399999999,0.46902410134662076,164.3396410707212,0.005422177590368698,19550
163.3297931167711,0.0381282766067854,-1297.349915403927,5.225153596812155e-08,162.42593559999997,0.5101047683100468,164.33987466810714,0.005324778254710343,19600
163.32724642430688,0.03782543414301249,-1297.3499154049666,5.7888585835172924e-08,162.39121459999996,0.4837996524873132,164.33986312631552,0.005506469278723795,19650
163.3264103967785,0.0365756949574552,-1297.34991540734,4.5379308682528784e-08,162.38945539999997,0.4684187267935021,164.33967963922336,0.005715972311094802,19700
163.32447833579835,0.036478760549145346,-1297.3499154100407,3.933997181020354e-08,162.35866279999996,0.43082189718741615,164.33964564013166,0.00526405594595465,19750
163.3278075382961,0.036085669678557676,-1297.3499154065157,4.6104861441465016e-08,162.3973748,0.4855739897533284,164.33970320686365,0.005150688029129497,19800
163.32648619425188,0.03487344941174761,-1297.349915410868,3.505923668661281e-08,162.35568519999995,0.41934940765543555,164.33958377761206,0.005220107217394344,19850
163.32804384921573,0.035588321416767814,-1297.3499154088452,4.048383788359486e-08,162.37545799999995,0.4519753761390161,164.3393090210653,0.0051236376697481305,19900
163.32587440080044,0.03264485443441292,-1297.349915406528,4.7371370271747936e-08,162.39654259999998,0.4797088043649456,164.33970807371932,0.004937191100487813,19950
163.32815424722216,0.0341160319932,-1297.3499154083165,4.3954660984966105e-08,162.37423679999998,0.45752257553673226,164.3396729801,0.004882348712888256,20000
163.32637241517747,0.033630696262302785,-1297.3499154067963,4.978604352179298e-08,162.38412459999998,0.4725200616638886,164.33955582525687,0.004808244776100972,20050
163.32503029306054,0.031577273916098235,-1297.3499154111594,3.56285343789323e-08,162.34943159999995,0.412692733303416,164.33931156051247,0.004829639179156327,20100
163.32879240073476,0.033001501242987785,-1297.3499154107456,3.7802728720040914e-08,162.35092039999995,0.4185844240578528,164.33947600689334,0.004687761812508611,20150
163.32825487401405,0.033104058614886016,-1297.3499154089188,4.549344655671967e-08,162.36295219999994,0.44002771812144353,164.3394963771188,0.004635248489591713,20200
163.326570121098,0.03312803116491124,-1297.3499154078747,5.075535552232012e-08,162.36958229999996,0.4461228413528216,164.33936328182222,0.004757119614717471,20250
163.3262347864524,0.03132285819444048,-1297.3499154117649,3.401925220390208e-08,162.34308879999998,0.40174993231432443,164.33944504886207,0.0047527253255893465,20300
163.3253630122291,0.029434944776302163,-1297.3499154124547,3.412260545932619e-08,162.33123679999994,0.3861506399396016,164.33939310174446,0.004520788819868712,20350
163.32615332748503,0.03013495069195471,-1297.3499154116516,4.1496828001631626e-08,162.33254999999997,0.38402699735826373,164.33969603203923,0.004241935386452837,20400
163.3268455466036,0.02924718256611164,-1297.34991541165,3.596397400786655e-08,162.34037879999994,0.40180160839718404,164.339811240401,0.004383554981145399,20450
163.32688531853688,0.030245009581074924,-1297.3499154107456,3.7802728720040914e-08,162.35092039999998,0.4185844240578528,164.33970740145853,0.004358605229291431,20500
163.3268169321313,0.028279642885262697,-1297.3499154095273,4.14004496553885e-08,162.36155119999998,0.43823648248242014,164.33952203415086,0.004176634772943305,20550
163.32582982385927,0.028932597993230724,-1297.3499154127687,3.180512378686387e-08,162.33114759999998,0.38185697717109207,164.33958833708738,0.004189447688541866,20600
163.32799703787083,0.028645140034931196,-1297.3499154128608,3.266987647427306e-08,162.32769319999997,0.37856283741773133,164.3396424398838,0.0040770812704132705,20650
163.32639854145881,0.027244545814458006,-1297.349915411594,4.231055511611046e-08,162.33095809999995,0.38728953858114185,164.33954420093238,0.004052725790009887,20700
163.32646560560786,0.027761488042643456,-1297.3499154132592,3.2155903810661146e-08,162.32209479999997,0.3696118891661407,164.33957288951328,0.004030523856330821,20750
163.32712214437674,0.028172135605198455,-1297.349915411443,3.7060492172248974e-08,162.34112319999997,0.40485476213299504,164.33956779160096,0.003993330601807024,20800
163.32565979855892,0.025753882460721352,-1297.3499154117467,3.9136274835884957e-08,162.33403739999997,0.3904113456359124,164.33956166407677,0.003853798910146401,20850
163.3262484659588,0.025070660536970907,-1297.349915414562,2.9316559632207464e-08,162.30595479999997,0.33964575009406933,164.3397424267751,0.003815724261149957,20900
163.32640169955582,0.02629883629307292,-1297.3499154141634,2.9896783238306036e-08,162.31155319999996,0.349623833812518,164.33956551477328,0.003719640981634076,20950
163.32578931442222,0.02454729417198526,-1297.3499154141634,2.9896783238306036e-08,162.31155319999996,0.349623833812518,164.33967759675235,0.003533320116203643,21000
163.32708642803738,0.024671520471778806,-1297.3499154156805,2.3897775812074873e-08,162.29672359999998,0.3147918429741197,164.33951515949644,0.003452743400669902,21050
163.32644847290217,0.023482334285863583,-1297.3499154158724,2.4848392966567412e-08,162.29186959999998,0.30754909428551824,164.33957866350235,0.003492812239054419,21100
163.3265935525614,0.024648468284572258,-1297.3499154139565,3.1223872491657066e-08,162.3122976,0.3531891655108395,164.33948613781087,0.003499994945378777,21150
163.32665435510143,0.022359678829713393,-1297.3499154152744,2.589257716609886e-08,162.30026719999995,0.324215803137606,164.33956981974998,0.003359361416763425,21200
163.32638647442636,0.022154692769602573,-1297.3499154151596,2.841354749523564e-08,162.29755719999997,0.3239217781010759,164.33963815224942,0.0031761200063278733,21250
163.32644210559542,0.020858074291273603,-1297.3499154168685,2.2968450506071602e-08,162.27787359999996,0.27699089375472624,164.339530623,0.003105918526454356,21300
163.32607303249296,0.02140578781476326,-1297.3499154167614,2.450967627107725e-08,162.27721839999995,0.27834177893633216,164.33984770169087,0.0030345244722999195,21350
163.327698052818,0.02150428375341024,-1297.3499154164854,2.087012364702505e-08,162.28758159999998,0.2931953221684182,164.3398407445234,0.00304110206790956,21400
163.32691492378305,0.020790837829882378,-1297.3499154165847,2.0652843852586684e-08,162.28618199999997,0.2901428525330282,164.33946983380886,0.0028577384221884134,21450
163.32674971694405,0.019806225060940395,-1297.3499154168762,2.1527939810980842e-08,162.2799284,0.278881607269899,164.33940350369767,0.0028477715347721097,21500
163.32646616147403,0.018354680854103935,-1297.3499154174663,2.1740771394709428e-08,162.26947599999997,0.25655098640231677,164.33959643286312,0.0026373902514072764,21550
163.32551908575888,0.017326247598696543,-1297.3499154183783,1.6147683226183825e-08,162.26098919999995,0.22685180335047272,164.33953445039816,0.0025687193399089067,21600
163.32682284379192,0.018090218906418706,-1297.3499154170831,1.952259438153797e-08,162.27918399999996,0.2742644675199509,164.33956451502078,0.0024842008407721006,21650
163.32584072895693,0.015968851883365935,-1297.34991541857,1.7494362834361113e-08,162.25613519999996,0.21588740611939658,164.33962172382488,0.002349659557197784,21700
163.32544445604486,0.015112028246091605,-1297.349915419275,1.3245364541090242e-08,162.24839279999998,0.18607838592421483,164.33975480969193,0.002313113490040867,21750
163.32589730932995,0.014960732100482469,-1297.3499154192748,1.3245364535774138e-08,162.24839279999998,0.18607838592421483,164.33951945768808,0.002202385099992487,21800
163.32664046725895,0.014610621854137999,-1297.349915418976,1.4284758818404508e-08,162.2525916,0.20068038571181093,164.33951696122196,0.0020333257640586903,21850
163.32664706795674,0.014035606202124032,-1297.3499154199615,2.045653855248621e-08,162.231599,0.10810485002533568,164.33955151436072,0.0019405568346815884,21900
163.3264834617424,0.012374569825239228,-1297.349915419773,1.1285015799455124e-08,162.24139479999994,0.15853829610841902,164.33954368467883,0.0017628361555377403,21950
163.32627949458973,0.011320339245924604,-1297.349915419773,1.1285015799455124e-08,162.24139479999997,0.15853829610841902,164.33967741079545,0.0016814670629795828,22000
163.32647697940482,0.010637226356566326,-1297.349915420072,9.912644162458128e-09,162.23719599999993,0.13925844169744464,164.33960522741953,0.001520570051804197,22050
163.32638465540765,0.009006078368270859,-1297.34991542057,7.026975859116059e-09,162.23019799999997,0.09871893838570334,164.33972494452038,0.001283596794885958,22100
163.3264196090141,0.008004764111057192,-1297.349915420271,8.875089644834485e-09,162.23439679999998,0.12468228803547222,164.33965483483522,0.0011158903859292875,22150
163.326380045035,0.0069785903270725294,-1297.34991542057,7.026975859116059e-09,162.23019799999997,0.09871893838570334,164.3395938867883,0.0009094050605335731,22200
163.32632606352942,0.003781922063625178,-1297.3499154210679,0.0,162.22319999999996,2.842170943040401e-14,164.33964776730787,0.000572475554010974,22250
163.3262860665263,2.901242659203227e-14,-1297.3499154210679,0.0,162.22319999999996,2.842170943040401e-14,164.33961925148088,2.007707622902826e-14,22284
